flight_id,class_code,fare_amount
1,F,3918.57
1,A,3134.85
1,J,1930.37
1,C,1544.29
1,D,1351.26
1,I,1158.22
1,Y,655.33
1,B,589.79
1,M,524.26
1,H,458.73
1,Q,393.2
1,V,327.66
1,W,262.13
1,S,196.6
2,F,1402.12
2,A,1121.7
2,J,766.33
2,C,613.06
2,D,536.43
2,I,459.8
2,Y,265.15
2,B,238.63
2,M,212.12
2,H,185.6
2,Q,159.09
2,V,132.57
2,W,106.06
2,S,79.54
3,F,1504.46
3,A,1203.57
3,J,812.63
3,C,650.11
3,D,568.84
3,I,487.58
3,Y,269.94
3,B,242.95
3,M,215.95
3,H,188.96
3,Q,161.96
3,V,134.97
3,W,107.98
3,S,80.98
4,F,9248.25
4,A,7398.6
4,J,4544.34
4,C,3635.47
4,D,3181.04
4,I,2726.6
4,Y,1499.4
4,B,1349.46
4,M,1199.52
4,H,1049.58
4,Q,899.64
4,V,749.7
4,W,599.76
4,S,449.82
5,F,7427.57
5,A,5942.06
5,J,3711.66
5,C,2969.33
5,D,2598.16
5,I,2227.0
5,Y,1336.37
5,B,1202.73
5,M,1069.1
5,H,935.46
5,Q,801.82
5,V,668.18
5,W,534.55
5,S,400.91
6,F,467.23
6,A,373.78
6,J,232.77
6,C,186.22
6,D,162.94
6,I,139.66
6,Y,72.77
6,B,65.49
6,M,58.21
6,H,50.94
6,Q,43.66
6,V,36.38
6,W,29.11
6,S,21.83
7,F,3898.33
7,A,3118.66
7,J,1793.25
7,C,1434.6
7,D,1255.27
7,I,1075.95
7,Y,641.09
7,B,576.98
7,M,512.87
7,H,448.76
7,Q,384.65
7,V,320.55
7,W,256.44
7,S,192.33
8,F,3923.74
8,A,3138.99
8,J,1954.48
8,C,1563.59
8,D,1368.14
8,I,1172.69
8,Y,597.98
8,B,538.18
8,M,478.38
8,H,418.58
8,Q,358.79
8,V,298.99
8,W,239.19
8,S,179.39
9,F,7319.29
9,A,5855.43
9,J,3896.3
9,C,3117.04
9,D,2727.41
9,I,2337.78
9,Y,1418.22
9,B,1276.4
9,M,1134.58
9,H,992.76
9,Q,850.93
9,V,709.11
9,W,567.29
9,S,425.47
10,F,1741.84
10,A,1393.47
10,J,849.68
10,C,679.74
10,D,594.77
10,I,509.81
10,Y,296.61
10,B,266.94
10,M,237.28
10,H,207.62
10,Q,177.96
10,V,148.3
10,W,118.64
10,S,88.98
11,F,7353.44
11,A,5882.75
11,J,3575.89
11,C,2860.71
11,D,2503.12
11,I,2145.53
11,Y,1297.47
11,B,1167.72
11,M,1037.97
11,H,908.23
11,Q,778.48
11,V,648.73
11,W,518.99
11,S,389.24
12,F,450.31
12,A,360.25
12,J,241.0
12,C,192.8
12,D,168.7
12,I,144.6
12,Y,79.06
12,B,71.15
12,M,63.25
12,H,55.34
12,Q,47.44
12,V,39.53
12,W,31.62
12,S,23.72
13,F,8904.66
13,A,7123.73
13,J,4601.78
13,C,3681.42
13,D,3221.24
13,I,2761.07
13,Y,1419.78
13,B,1277.8
13,M,1135.82
13,H,993.84
13,Q,851.87
13,V,709.89
13,W,567.91
13,S,425.93
14,F,4502.69
14,A,3602.15
14,J,2098.65
14,C,1678.92
14,D,1469.06
14,I,1259.19
14,Y,770.23
14,B,693.21
14,M,616.18
14,H,539.16
14,Q,462.14
14,V,385.11
14,W,308.09
14,S,231.07
15,F,3860.86
15,A,3088.69
15,J,1831.17
15,C,1464.94
15,D,1281.82
15,I,1098.7
15,Y,560.14
15,B,504.13
15,M,448.11
15,H,392.1
15,Q,336.08
15,V,280.07
15,W,224.06
15,S,168.04
16,F,7687.68
16,A,6150.14
16,J,3789.17
16,C,3031.34
16,D,2652.42
16,I,2273.5
16,Y,1340.59
16,B,1206.54
16,M,1072.48
16,H,938.42
16,Q,804.36
16,V,670.3
16,W,536.24
16,S,402.18
17,F,2377.19
17,A,1901.75
17,J,1102.8
17,C,882.24
17,D,771.96
17,I,661.68
17,Y,405.71
17,B,365.14
17,M,324.57
17,H,284.0
17,Q,243.43
17,V,202.86
17,W,162.29
17,S,121.71
18,F,8284.13
18,A,6627.31
18,J,4312.77
18,C,3450.22
18,D,3018.94
18,I,2587.66
18,Y,1397.92
18,B,1258.12
18,M,1118.33
18,H,978.54
18,Q,838.75
18,V,698.96
18,W,559.17
18,S,419.37
19,F,7926.98
19,A,6341.58
19,J,4039.35
19,C,3231.48
19,D,2827.55
19,I,2423.61
19,Y,1268.48
19,B,1141.63
19,M,1014.78
19,H,887.93
19,Q,761.09
19,V,634.24
19,W,507.39
19,S,380.54
20,F,3834.34
20,A,3067.47
20,J,2057.9
20,C,1646.32
20,D,1440.53
20,I,1234.74
20,Y,661.03
20,B,594.93
20,M,528.82
20,H,462.72
20,Q,396.62
20,V,330.51
20,W,264.41
20,S,198.31
21,F,384.26
21,A,307.41
21,J,198.48
21,C,158.78
21,D,138.93
21,I,119.09
21,Y,66.63
21,B,59.97
21,M,53.31
21,H,46.64
21,Q,39.98
21,V,33.32
21,W,26.65
21,S,19.99
22,F,2282.72
22,A,1826.17
22,J,1184.15
22,C,947.32
22,D,828.91
22,I,710.49
22,Y,368.1
22,B,331.29
22,M,294.48
22,H,257.67
22,Q,220.86
22,V,184.05
22,W,147.24
22,S,110.43
23,F,4551.05
23,A,3640.84
23,J,2322.58
23,C,1858.06
23,D,1625.8
23,I,1393.55
23,Y,798.9
23,B,719.01
23,M,639.12
23,H,559.23
23,Q,479.34
23,V,399.45
23,W,319.56
23,S,239.67
24,F,4402.9
24,A,3522.32
24,J,2389.67
24,C,1911.73
24,D,1672.77
24,I,1433.8
24,Y,794.18
24,B,714.76
24,M,635.34
24,H,555.92
24,Q,476.51
24,V,397.09
24,W,317.67
24,S,238.25
25,F,1618.83
25,A,1295.07
25,J,817.66
25,C,654.13
25,D,572.36
25,I,490.6
25,Y,294.81
25,B,265.33
25,M,235.85
25,H,206.37
25,Q,176.89
25,V,147.41
25,W,117.92
25,S,88.44
26,F,1747.77
26,A,1398.21
26,J,802.41
26,C,641.93
26,D,561.68
26,I,481.44
26,Y,293.88
26,B,264.49
26,M,235.11
26,H,205.72
26,Q,176.33
26,V,146.94
26,W,117.55
26,S,88.16
27,F,6653.99
27,A,5323.19
27,J,3045.2
27,C,2436.16
27,D,2131.64
27,I,1827.12
27,Y,1031.96
27,B,928.77
27,M,825.57
27,H,722.37
27,Q,619.18
27,V,515.98
27,W,412.79
27,S,309.59
28,F,7073.04
28,A,5658.43
28,J,3254.22
28,C,2603.37
28,D,2277.95
28,I,1952.53
28,Y,1020.74
28,B,918.67
28,M,816.59
28,H,714.52
28,Q,612.45
28,V,510.37
28,W,408.3
28,S,306.22
29,F,3953.52
29,A,3162.82
29,J,2121.29
29,C,1697.03
29,D,1484.9
29,I,1272.77
29,Y,753.86
29,B,678.47
29,M,603.09
29,H,527.7
29,Q,452.32
29,V,376.93
29,W,301.54
29,S,226.16
30,F,4664.22
30,A,3731.38
30,J,2167.76
30,C,1734.21
30,D,1517.43
30,I,1300.66
30,Y,727.42
30,B,654.67
30,M,581.93
30,H,509.19
30,Q,436.45
30,V,363.71
30,W,290.97
30,S,218.22
31,F,3293.69
31,A,2634.95
31,J,1682.77
31,C,1346.22
31,D,1177.94
31,I,1009.66
31,Y,611.02
31,B,549.92
31,M,488.82
31,H,427.72
31,Q,366.61
31,V,305.51
31,W,244.41
31,S,183.31
32,F,3382.58
32,A,2706.07
32,J,1663.56
32,C,1330.85
32,D,1164.49
32,I,998.14
32,Y,584.85
32,B,526.36
32,M,467.88
32,H,409.39
32,Q,350.91
32,V,292.42
32,W,233.94
32,S,175.45
33,F,7887.75
33,A,6310.2
33,J,3868.43
33,C,3094.74
33,D,2707.9
33,I,2321.06
33,Y,1348.44
33,B,1213.6
33,M,1078.75
33,H,943.91
33,Q,809.06
33,V,674.22
33,W,539.38
33,S,404.53
34,F,8931.05
34,A,7144.84
34,J,4665.44
34,C,3732.35
34,D,3265.81
34,I,2799.26
34,Y,1503.28
34,B,1352.95
34,M,1202.62
34,H,1052.29
34,Q,901.97
34,V,751.64
34,W,601.31
34,S,450.98
35,F,358.68
35,A,286.95
35,J,193.51
35,C,154.81
35,D,135.46
35,I,116.11
35,Y,70.0
35,B,63.0
35,M,56.0
35,H,49.0
35,Q,42.0
35,V,35.0
35,W,28.0
35,S,21.0
36,F,1696.16
36,A,1356.93
36,J,864.82
36,C,691.85
36,D,605.37
36,I,518.89
36,Y,296.22
36,B,266.6
36,M,236.98
36,H,207.36
36,Q,177.73
36,V,148.11
36,W,118.49
36,S,88.87
37,F,1591.37
37,A,1273.09
37,J,785.97
37,C,628.77
37,D,550.18
37,I,471.58
37,Y,287.83
37,B,259.04
37,M,230.26
37,H,201.48
37,Q,172.7
37,V,143.91
37,W,115.13
37,S,86.35
38,F,5159.44
38,A,4127.55
38,J,2639.72
38,C,2111.78
38,D,1847.81
38,I,1583.83
38,Y,918.75
38,B,826.88
38,M,735.0
38,H,643.13
38,Q,551.25
38,V,459.38
38,W,367.5
38,S,275.63
39,F,3402.1
39,A,2721.68
39,J,1597.14
39,C,1277.71
39,D,1118.0
39,I,958.28
39,Y,527.12
39,B,474.41
39,M,421.7
39,H,368.99
39,Q,316.27
39,V,263.56
39,W,210.85
39,S,158.14
40,F,3097.39
40,A,2477.92
40,J,1672.94
40,C,1338.35
40,D,1171.06
40,I,1003.77
40,Y,545.53
40,B,490.98
40,M,436.43
40,H,381.87
40,Q,327.32
40,V,272.77
40,W,218.21
40,S,163.66
41,F,399.85
41,A,319.88
41,J,182.19
41,C,145.75
41,D,127.53
41,I,109.31
41,Y,62.31
41,B,56.08
41,M,49.85
41,H,43.62
41,Q,37.39
41,V,31.15
41,W,24.92
41,S,18.69
42,F,2174.4
42,A,1739.52
42,J,1170.47
42,C,936.38
42,D,819.33
42,I,702.28
42,Y,400.93
42,B,360.84
42,M,320.75
42,H,280.65
42,Q,240.56
42,V,200.47
42,W,160.37
42,S,120.28
43,F,2121.65
43,A,1697.32
43,J,1168.25
43,C,934.6
43,D,817.77
43,I,700.95
43,Y,397.25
43,B,357.52
43,M,317.8
43,H,278.07
43,Q,238.35
43,V,198.62
43,W,158.9
43,S,119.17
44,F,4385.07
44,A,3508.06
44,J,2066.88
44,C,1653.51
44,D,1446.82
44,I,1240.13
44,Y,660.74
44,B,594.66
44,M,528.59
44,H,462.51
44,Q,396.44
44,V,330.37
44,W,264.29
44,S,198.22
45,F,1877.83
45,A,1502.27
45,J,870.47
45,C,696.38
45,D,609.33
45,I,522.28
45,Y,312.07
45,B,280.86
45,M,249.66
45,H,218.45
45,Q,187.24
45,V,156.03
45,W,124.83
45,S,93.62
46,F,1845.47
46,A,1476.37
46,J,957.49
46,C,765.99
46,D,670.24
46,I,574.49
46,Y,293.81
46,B,264.43
46,M,235.05
46,H,205.67
46,Q,176.29
46,V,146.91
46,W,117.53
46,S,88.14
47,F,1195.53
47,A,956.42
47,J,559.43
47,C,447.54
47,D,391.6
47,I,335.66
47,Y,182.23
47,B,164.01
47,M,145.78
47,H,127.56
47,Q,109.34
47,V,91.12
47,W,72.89
47,S,54.67
48,F,4092.32
48,A,3273.86
48,J,2042.19
48,C,1633.75
48,D,1429.53
48,I,1225.32
48,Y,679.74
48,B,611.76
48,M,543.79
48,H,475.82
48,Q,407.84
48,V,339.87
48,W,271.89
48,S,203.92
49,F,3817.01
49,A,3053.61
49,J,1918.14
49,C,1534.51
49,D,1342.7
49,I,1150.88
49,Y,631.43
49,B,568.29
49,M,505.15
49,H,442.0
49,Q,378.86
49,V,315.72
49,W,252.57
49,S,189.43
50,F,1383.85
50,A,1107.08
50,J,750.53
50,C,600.42
50,D,525.37
50,I,450.32
50,Y,258.91
50,B,233.02
50,M,207.13
50,H,181.24
50,Q,155.35
50,V,129.46
50,W,103.57
50,S,77.67
51,F,1664.86
51,A,1331.89
51,J,770.94
51,C,616.75
51,D,539.66
51,I,462.57
51,Y,267.26
51,B,240.54
51,M,213.81
51,H,187.08
51,Q,160.36
51,V,133.63
51,W,106.9
51,S,80.18
52,F,2624.22
52,A,2099.38
52,J,1287.16
52,C,1029.73
52,D,901.01
52,I,772.3
52,Y,418.24
52,B,376.42
52,M,334.59
52,H,292.77
52,Q,250.95
52,V,209.12
52,W,167.3
52,S,125.47
53,F,4532.26
53,A,3625.81
53,J,2070.64
53,C,1656.51
53,D,1449.45
53,I,1242.38
53,Y,669.38
53,B,602.44
53,M,535.51
53,H,468.57
53,Q,401.63
53,V,334.69
53,W,267.75
53,S,200.81
54,F,7265.92
54,A,5812.74
54,J,3991.08
54,C,3192.86
54,D,2793.75
54,I,2394.65
54,Y,1407.03
54,B,1266.33
54,M,1125.62
54,H,984.92
54,Q,844.22
54,V,703.51
54,W,562.81
54,S,422.11
55,F,8382.55
55,A,6706.04
55,J,4013.72
55,C,3210.98
55,D,2809.61
55,I,2408.23
55,Y,1331.45
55,B,1198.31
55,M,1065.16
55,H,932.02
55,Q,798.87
55,V,665.73
55,W,532.58
55,S,399.44
56,F,6211.86
56,A,4969.49
56,J,2918.2
56,C,2334.56
56,D,2042.74
56,I,1750.92
56,Y,996.61
56,B,896.95
56,M,797.29
56,H,697.63
56,Q,597.97
56,V,498.31
56,W,398.65
56,S,298.98
57,F,7616.66
57,A,6093.33
57,J,3661.49
57,C,2929.19
57,D,2563.04
57,I,2196.89
57,Y,1203.04
57,B,1082.73
57,M,962.43
57,H,842.12
57,Q,721.82
57,V,601.52
57,W,481.21
57,S,360.91
58,F,2168.91
58,A,1735.13
58,J,1102.36
58,C,881.89
58,D,771.65
58,I,661.42
58,Y,371.84
58,B,334.65
58,M,297.47
58,H,260.29
58,Q,223.1
58,V,185.92
58,W,148.74
58,S,111.55
59,F,2159.85
59,A,1727.88
59,J,1079.53
59,C,863.63
59,D,755.67
59,I,647.72
59,Y,382.5
59,B,344.25
59,M,306.0
59,H,267.75
59,Q,229.5
59,V,191.25
59,W,153.0
59,S,114.75
60,F,4632.14
60,A,3705.71
60,J,2165.21
60,C,1732.17
60,D,1515.65
60,I,1299.13
60,Y,725.86
60,B,653.27
60,M,580.69
60,H,508.1
60,Q,435.52
60,V,362.93
60,W,290.34
60,S,217.76
61,F,4426.58
61,A,3541.26
61,J,2205.05
61,C,1764.04
61,D,1543.53
61,I,1323.03
61,Y,705.96
61,B,635.37
61,M,564.77
61,H,494.17
61,Q,423.58
61,V,352.98
61,W,282.38
61,S,211.79
62,F,4489.88
62,A,3591.91
62,J,2254.7
62,C,1803.76
62,D,1578.29
62,I,1352.82
62,Y,683.47
62,B,615.13
62,M,546.78
62,H,478.43
62,Q,410.08
62,V,341.74
62,W,273.39
62,S,205.04
63,F,4008.38
63,A,3206.71
63,J,2020.49
63,C,1616.39
63,D,1414.34
63,I,1212.3
63,Y,617.13
63,B,555.42
63,M,493.7
63,H,431.99
63,Q,370.28
63,V,308.57
63,W,246.85
63,S,185.14
64,F,9353.02
64,A,7482.41
64,J,4517.61
64,C,3614.09
64,D,3162.33
64,I,2710.56
64,Y,1492.06
64,B,1342.85
64,M,1193.65
64,H,1044.44
64,Q,895.24
64,V,746.03
64,W,596.82
64,S,447.62
65,F,4780.34
65,A,3824.27
65,J,2253.32
65,C,1802.66
65,D,1577.33
65,I,1351.99
65,Y,724.9
65,B,652.41
65,M,579.92
65,H,507.43
65,Q,434.94
65,V,362.45
65,W,289.96
65,S,217.47
66,F,4200.36
66,A,3360.29
66,J,1924.18
66,C,1539.34
66,D,1346.93
66,I,1154.51
66,Y,643.43
66,B,579.09
66,M,514.74
66,H,450.4
66,Q,386.06
66,V,321.71
66,W,257.37
66,S,193.03
67,F,3188.95
67,A,2551.16
67,J,1465.11
67,C,1172.09
67,D,1025.58
67,I,879.06
67,Y,508.88
67,B,457.99
67,M,407.1
67,H,356.21
67,Q,305.33
67,V,254.44
67,W,203.55
67,S,152.66
68,F,3843.85
68,A,3075.08
68,J,1846.26
68,C,1477.01
68,D,1292.38
68,I,1107.76
68,Y,583.76
68,B,525.38
68,M,467.01
68,H,408.63
68,Q,350.26
68,V,291.88
68,W,233.5
68,S,175.13
69,F,4468.39
69,A,3574.71
69,J,2243.26
69,C,1794.61
69,D,1570.28
69,I,1345.95
69,Y,749.4
69,B,674.46
69,M,599.52
69,H,524.58
69,Q,449.64
69,V,374.7
69,W,299.76
69,S,224.82
70,F,4561.51
70,A,3649.21
70,J,2183.94
70,C,1747.15
70,D,1528.76
70,I,1310.36
70,Y,669.78
70,B,602.8
70,M,535.82
70,H,468.84
70,Q,401.87
70,V,334.89
70,W,267.91
70,S,200.93
71,F,8272.24
71,A,6617.8
71,J,4100.7
71,C,3280.56
71,D,2870.49
71,I,2460.42
71,Y,1347.1
71,B,1212.39
71,M,1077.68
71,H,942.97
71,Q,808.26
71,V,673.55
71,W,538.84
71,S,404.13
72,F,7790.76
72,A,6232.61
72,J,4019.89
72,C,3215.91
72,D,2813.92
72,I,2411.93
72,Y,1368.84
72,B,1231.95
72,M,1095.07
72,H,958.19
72,Q,821.3
72,V,684.42
72,W,547.53
72,S,410.65
73,F,7399.83
73,A,5919.86
73,J,4072.94
73,C,3258.35
73,D,2851.06
73,I,2443.76
73,Y,1460.94
73,B,1314.85
73,M,1168.75
73,H,1022.66
73,Q,876.57
73,V,730.47
73,W,584.38
73,S,438.28
74,F,8693.26
74,A,6954.61
74,J,4006.84
74,C,3205.47
74,D,2804.79
74,I,2404.11
74,Y,1458.4
74,B,1312.56
74,M,1166.72
74,H,1020.88
74,Q,875.04
74,V,729.2
74,W,583.36
74,S,437.52
75,F,5888.59
75,A,4710.87
75,J,3122.93
75,C,2498.35
75,D,2186.05
75,I,1873.76
75,Y,991.91
75,B,892.72
75,M,793.53
75,H,694.34
75,Q,595.15
75,V,495.96
75,W,396.76
75,S,297.57
76,F,5835.17
76,A,4668.13
76,J,2881.84
76,C,2305.47
76,D,2017.29
76,I,1729.1
76,Y,1006.69
76,B,906.02
76,M,805.35
76,H,704.68
76,Q,604.02
76,V,503.35
76,W,402.68
76,S,302.01
77,F,3691.61
77,A,2953.29
77,J,1760.96
77,C,1408.77
77,D,1232.67
77,I,1056.58
77,Y,636.75
77,B,573.08
77,M,509.4
77,H,445.73
77,Q,382.05
77,V,318.38
77,W,254.7
77,S,191.03
78,F,3540.45
78,A,2832.36
78,J,1637.53
78,C,1310.02
78,D,1146.27
78,I,982.52
78,Y,599.73
78,B,539.75
78,M,479.78
78,H,419.81
78,Q,359.84
78,V,299.86
78,W,239.89
78,S,179.92
79,F,3019.18
79,A,2415.34
79,J,1640.79
79,C,1312.63
79,D,1148.55
79,I,984.47
79,Y,577.8
79,B,520.02
79,M,462.24
79,H,404.46
79,Q,346.68
79,V,288.9
79,W,231.12
79,S,173.34
80,F,3523.58
80,A,2818.87
80,J,1700.18
80,C,1360.14
80,D,1190.13
80,I,1020.11
80,Y,569.87
80,B,512.88
80,M,455.9
80,H,398.91
80,Q,341.92
80,V,284.94
80,W,227.95
80,S,170.96
81,F,2641.0
81,A,2112.8
81,J,1205.29
81,C,964.24
81,D,843.71
81,I,723.18
81,Y,367.61
81,B,330.85
81,M,294.09
81,H,257.33
81,Q,220.57
81,V,183.81
81,W,147.04
81,S,110.28
82,F,4511.97
82,A,3609.58
82,J,2096.39
82,C,1677.11
82,D,1467.47
82,I,1257.83
82,Y,678.06
82,B,610.26
82,M,542.45
82,H,474.64
82,Q,406.84
82,V,339.03
82,W,271.22
82,S,203.42
83,F,2047.1
83,A,1637.68
83,J,973.72
83,C,778.97
83,D,681.6
83,I,584.23
83,Y,315.09
83,B,283.58
83,M,252.07
83,H,220.56
83,Q,189.05
83,V,157.54
83,W,126.03
83,S,94.53
84,F,968.81
84,A,775.05
84,J,531.24
84,C,425.0
84,D,371.87
84,I,318.75
84,Y,185.02
84,B,166.52
84,M,148.02
84,H,129.52
84,Q,111.01
84,V,92.51
84,W,74.01
84,S,55.51
85,F,3282.9
85,A,2626.32
85,J,1734.34
85,C,1387.47
85,D,1214.03
85,I,1040.6
85,Y,561.02
85,B,504.92
85,M,448.82
85,H,392.72
85,Q,336.61
85,V,280.51
85,W,224.41
85,S,168.31
86,F,3250.03
86,A,2600.02
86,J,1790.73
86,C,1432.58
86,D,1253.51
86,I,1074.44
86,Y,557.82
86,B,502.04
86,M,446.26
86,H,390.48
86,Q,334.69
86,V,278.91
86,W,223.13
86,S,167.35
87,F,4931.51
87,A,3945.21
87,J,2309.79
87,C,1847.84
87,D,1616.86
87,I,1385.88
87,Y,782.79
87,B,704.51
87,M,626.23
87,H,547.95
87,Q,469.67
87,V,391.39
87,W,313.11
87,S,234.84
88,F,4178.31
88,A,3342.65
88,J,1957.53
88,C,1566.02
88,D,1370.27
88,I,1174.52
88,Y,719.2
88,B,647.28
88,M,575.36
88,H,503.44
88,Q,431.52
88,V,359.6
88,W,287.68
88,S,215.76
89,F,9254.57
89,A,7403.65
89,J,4407.77
89,C,3526.22
89,D,3085.44
89,I,2644.66
89,Y,1567.61
89,B,1410.85
89,M,1254.08
89,H,1097.32
89,Q,940.56
89,V,783.8
89,W,627.04
89,S,470.28
90,F,7743.38
90,A,6194.71
90,J,4266.36
90,C,3413.09
90,D,2986.45
90,I,2559.81
90,Y,1484.63
90,B,1336.17
90,M,1187.71
90,H,1039.24
90,Q,890.78
90,V,742.32
90,W,593.85
90,S,445.39
91,F,2483.56
91,A,1986.85
91,J,1143.77
91,C,915.01
91,D,800.64
91,I,686.26
91,Y,373.58
91,B,336.22
91,M,298.86
91,H,261.5
91,Q,224.15
91,V,186.79
91,W,149.43
91,S,112.07
92,F,4462.19
92,A,3569.75
92,J,2169.77
92,C,1735.82
92,D,1518.84
92,I,1301.86
92,Y,729.92
92,B,656.93
92,M,583.94
92,H,510.95
92,Q,437.95
92,V,364.96
92,W,291.97
92,S,218.98
93,F,4311.25
93,A,3449.0
93,J,2325.78
93,C,1860.62
93,D,1628.04
93,I,1395.47
93,Y,719.26
93,B,647.34
93,M,575.41
93,H,503.48
93,Q,431.56
93,V,359.63
93,W,287.71
93,S,215.78
94,F,2405.35
94,A,1924.28
94,J,1132.72
94,C,906.17
94,D,792.9
94,I,679.63
94,Y,395.54
94,B,355.99
94,M,316.43
94,H,276.88
94,Q,237.33
94,V,197.77
94,W,158.22
94,S,118.66
95,F,2610.32
95,A,2088.26
95,J,1267.57
95,C,1014.05
95,D,887.3
95,I,760.54
95,Y,403.86
95,B,363.47
95,M,323.08
95,H,282.7
95,Q,242.31
95,V,201.93
95,W,161.54
95,S,121.16
96,F,3883.53
96,A,3106.82
96,J,2007.15
96,C,1605.72
96,D,1405.01
96,I,1204.29
96,Y,741.07
96,B,666.96
96,M,592.86
96,H,518.75
96,Q,444.64
96,V,370.54
96,W,296.43
96,S,222.32
97,F,3729.35
97,A,2983.48
97,J,1986.59
97,C,1589.27
97,D,1390.61
97,I,1191.95
97,Y,639.88
97,B,575.89
97,M,511.9
97,H,447.91
97,Q,383.93
97,V,319.94
97,W,255.95
97,S,191.96
98,F,480.1
98,A,384.08
98,J,244.68
98,C,195.74
98,D,171.27
98,I,146.81
98,Y,79.36
98,B,71.42
98,M,63.49
98,H,55.55
98,Q,47.61
98,V,39.68
98,W,31.74
98,S,23.81
99,F,379.31
99,A,303.45
99,J,193.49
99,C,154.79
99,D,135.44
99,I,116.1
99,Y,66.8
99,B,60.12
99,M,53.44
99,H,46.76
99,Q,40.08
99,V,33.4
99,W,26.72
99,S,20.04
100,F,4542.87
100,A,3634.3
100,J,2281.72
100,C,1825.38
100,D,1597.21
100,I,1369.03
100,Y,693.74
100,B,624.37
100,M,554.99
100,H,485.62
100,Q,416.25
100,V,346.87
100,W,277.5
100,S,208.12
101,F,3831.69
101,A,3065.36
101,J,1961.52
101,C,1569.22
101,D,1373.06
101,I,1176.91
101,Y,725.39
101,B,652.85
101,M,580.31
101,H,507.77
101,Q,435.23
101,V,362.69
101,W,290.16
101,S,217.62
102,F,3458.82
102,A,2767.05
102,J,1790.42
102,C,1432.33
102,D,1253.29
102,I,1074.25
102,Y,625.98
102,B,563.38
102,M,500.78
102,H,438.18
102,Q,375.59
102,V,312.99
102,W,250.39
102,S,187.79
103,F,1689.0
103,A,1351.2
103,J,886.79
103,C,709.43
103,D,620.75
103,I,532.07
103,Y,291.35
103,B,262.22
103,M,233.08
103,H,203.95
103,Q,174.81
103,V,145.68
103,W,116.54
103,S,87.41
104,F,1551.77
104,A,1241.42
104,J,750.69
104,C,600.56
104,D,525.49
104,I,450.42
104,Y,264.16
104,B,237.75
104,M,211.33
104,H,184.91
104,Q,158.5
104,V,132.08
104,W,105.67
104,S,79.25
105,F,447.14
105,A,357.71
105,J,215.55
105,C,172.44
105,D,150.89
105,I,129.33
105,Y,77.1
105,B,69.39
105,M,61.68
105,H,53.97
105,Q,46.26
105,V,38.55
105,W,30.84
105,S,23.13
106,F,500.93
106,A,400.74
106,J,237.64
106,C,190.11
106,D,166.35
106,I,142.58
106,Y,73.51
106,B,66.16
106,M,58.81
106,H,51.46
106,Q,44.11
106,V,36.76
106,W,29.4
106,S,22.05
107,F,5257.54
107,A,4206.03
107,J,2415.87
107,C,1932.69
107,D,1691.11
107,I,1449.52
107,Y,783.55
107,B,705.2
107,M,626.84
107,H,548.49
107,Q,470.13
107,V,391.78
107,W,313.42
107,S,235.07
108,F,4308.58
108,A,3446.87
108,J,1973.75
108,C,1579.0
108,D,1381.62
108,I,1184.25
108,Y,696.82
108,B,627.14
108,M,557.46
108,H,487.77
108,Q,418.09
108,V,348.41
108,W,278.73
108,S,209.05
109,F,9002.73
109,A,7202.18
109,J,4100.47
109,C,3280.38
109,D,2870.33
109,I,2460.28
109,Y,1379.24
109,B,1241.32
109,M,1103.39
109,H,965.47
109,Q,827.55
109,V,689.62
109,W,551.7
109,S,413.77
110,F,6335.96
110,A,5068.77
110,J,2926.38
110,C,2341.1
110,D,2048.47
110,I,1755.83
110,Y,937.59
110,B,843.83
110,M,750.07
110,H,656.31
110,Q,562.56
110,V,468.8
110,W,375.04
110,S,281.28
111,F,6731.67
111,A,5385.34
111,J,3160.05
111,C,2528.04
111,D,2212.04
111,I,1896.03
111,Y,993.35
111,B,894.02
111,M,794.68
111,H,695.35
111,Q,596.01
111,V,496.68
111,W,397.34
111,S,298.01
112,F,4813.37
112,A,3850.7
112,J,2361.43
112,C,1889.15
112,D,1653.0
112,I,1416.86
112,Y,759.74
112,B,683.77
112,M,607.79
112,H,531.82
112,Q,455.84
112,V,379.87
112,W,303.9
112,S,227.92
113,F,4244.04
113,A,3395.23
113,J,2110.13
113,C,1688.1
113,D,1477.09
113,I,1266.08
113,Y,699.81
113,B,629.83
113,M,559.85
113,H,489.86
113,Q,419.88
113,V,349.9
113,W,279.92
113,S,209.94
114,F,3439.52
114,A,2751.62
114,J,1864.36
114,C,1491.49
114,D,1305.05
114,I,1118.61
114,Y,573.59
114,B,516.23
114,M,458.87
114,H,401.51
114,Q,344.15
114,V,286.79
114,W,229.43
114,S,172.08
115,F,9141.71
115,A,7313.37
115,J,4860.38
115,C,3888.31
115,D,3402.27
115,I,2916.23
115,Y,1499.32
115,B,1349.38
115,M,1199.45
115,H,1049.52
115,Q,899.59
115,V,749.66
115,W,599.73
115,S,449.79
116,F,4240.76
116,A,3392.61
116,J,1980.0
116,C,1584.0
116,D,1386.0
116,I,1188.0
116,Y,707.47
116,B,636.72
116,M,565.97
116,H,495.23
116,Q,424.48
116,V,353.73
116,W,282.99
116,S,212.24
117,F,9502.05
117,A,7601.64
117,J,4553.48
117,C,3642.78
117,D,3187.43
117,I,2732.09
117,Y,1465.0
117,B,1318.5
117,M,1172.0
117,H,1025.5
117,Q,879.0
117,V,732.5
117,W,586.0
117,S,439.5
118,F,4826.13
118,A,3860.9
118,J,2439.67
118,C,1951.73
118,D,1707.77
118,I,1463.8
118,Y,753.14
118,B,677.82
118,M,602.51
118,H,527.2
118,Q,451.88
118,V,376.57
118,W,301.26
118,S,225.94
119,F,6654.91
119,A,5323.93
119,J,3384.71
119,C,2707.77
119,D,2369.3
119,I,2030.83
119,Y,1217.89
119,B,1096.1
119,M,974.31
119,H,852.52
119,Q,730.73
119,V,608.94
119,W,487.15
119,S,365.37
120,F,4591.92
120,A,3673.53
120,J,2219.28
120,C,1775.42
120,D,1553.49
120,I,1331.57
120,Y,731.16
120,B,658.04
120,M,584.93
120,H,511.81
120,Q,438.7
120,V,365.58
120,W,292.46
120,S,219.35
121,F,3283.51
121,A,2626.81
121,J,1726.54
121,C,1381.24
121,D,1208.58
121,I,1035.93
121,Y,636.38
121,B,572.74
121,M,509.11
121,H,445.47
121,Q,381.83
121,V,318.19
121,W,254.55
121,S,190.91
122,F,1815.31
122,A,1452.25
122,J,992.4
122,C,793.92
122,D,694.68
122,I,595.44
122,Y,350.58
122,B,315.52
122,M,280.46
122,H,245.41
122,Q,210.35
122,V,175.29
122,W,140.23
122,S,105.17
123,F,1926.08
123,A,1540.86
123,J,955.18
123,C,764.14
123,D,668.62
123,I,573.11
123,Y,306.12
123,B,275.51
123,M,244.9
123,H,214.29
123,Q,183.67
123,V,153.06
123,W,122.45
123,S,91.84
124,F,1206.28
124,A,965.02
124,J,549.69
124,C,439.75
124,D,384.78
124,I,329.82
124,Y,169.84
124,B,152.86
124,M,135.87
124,H,118.89
124,Q,101.9
124,V,84.92
124,W,67.94
124,S,50.95
125,F,1033.24
125,A,826.59
125,J,551.95
125,C,441.56
125,D,386.36
125,I,331.17
125,Y,192.17
125,B,172.95
125,M,153.73
125,H,134.52
125,Q,115.3
125,V,96.08
125,W,76.87
125,S,57.65
126,F,3991.54
126,A,3193.24
126,J,1908.26
126,C,1526.61
126,D,1335.78
126,I,1144.96
126,Y,618.58
126,B,556.72
126,M,494.86
126,H,433.01
126,Q,371.15
126,V,309.29
126,W,247.43
126,S,185.57
127,F,4360.81
127,A,3488.65
127,J,2022.14
127,C,1617.71
127,D,1415.5
127,I,1213.28
127,Y,691.41
127,B,622.27
127,M,553.12
127,H,483.98
127,Q,414.84
127,V,345.7
127,W,276.56
127,S,207.42
128,F,7960.71
128,A,6368.57
128,J,4080.33
128,C,3264.26
128,D,2856.23
128,I,2448.2
128,Y,1255.38
128,B,1129.84
128,M,1004.31
128,H,878.77
128,Q,753.23
128,V,627.69
128,W,502.15
128,S,376.61
129,F,437.59
129,A,350.07
129,J,203.55
129,C,162.84
129,D,142.48
129,I,122.13
129,Y,62.09
129,B,55.88
129,M,49.67
129,H,43.46
129,Q,37.25
129,V,31.04
129,W,24.83
129,S,18.63
130,F,7626.83
130,A,6101.46
130,J,4128.29
130,C,3302.64
130,D,2889.81
130,I,2476.98
130,Y,1283.6
130,B,1155.24
130,M,1026.88
130,H,898.52
130,Q,770.16
130,V,641.8
130,W,513.44
130,S,385.08
131,F,1855.78
131,A,1484.62
131,J,1002.62
131,C,802.09
131,D,701.83
131,I,601.57
131,Y,341.51
131,B,307.36
131,M,273.21
131,H,239.06
131,Q,204.91
131,V,170.75
131,W,136.6
131,S,102.45
132,F,1373.19
132,A,1098.55
132,J,653.13
132,C,522.51
132,D,457.19
132,I,391.88
132,Y,204.05
132,B,183.64
132,M,163.24
132,H,142.83
132,Q,122.43
132,V,102.02
132,W,81.62
132,S,61.21
133,F,3626.5
133,A,2901.2
133,J,1737.13
133,C,1389.7
133,D,1215.99
133,I,1042.28
133,Y,583.36
133,B,525.02
133,M,466.69
133,H,408.35
133,Q,350.02
133,V,291.68
133,W,233.34
133,S,175.01
134,F,3451.17
134,A,2760.93
134,J,1824.21
134,C,1459.37
134,D,1276.95
134,I,1094.53
134,Y,623.12
134,B,560.8
134,M,498.49
134,H,436.18
134,Q,373.87
134,V,311.56
134,W,249.25
134,S,186.93
135,F,2059.78
135,A,1647.82
135,J,1098.32
135,C,878.65
135,D,768.82
135,I,658.99
135,Y,393.23
135,B,353.91
135,M,314.58
135,H,275.26
135,Q,235.94
135,V,196.61
135,W,157.29
135,S,117.97
136,F,2396.84
136,A,1917.48
136,J,1322.11
136,C,1057.69
136,D,925.48
136,I,793.27
136,Y,418.48
136,B,376.64
136,M,334.79
136,H,292.94
136,Q,251.09
136,V,209.24
136,W,167.39
136,S,125.55
137,F,5012.92
137,A,4010.34
137,J,2305.33
137,C,1844.26
137,D,1613.73
137,I,1383.2
137,Y,751.18
137,B,676.06
137,M,600.94
137,H,525.82
137,Q,450.71
137,V,375.59
137,W,300.47
137,S,225.35
138,F,4227.63
138,A,3382.1
138,J,2314.08
138,C,1851.26
138,D,1619.86
138,I,1388.45
138,Y,813.56
138,B,732.2
138,M,650.84
138,H,569.49
138,Q,488.13
138,V,406.78
138,W,325.42
138,S,244.07
139,F,4477.44
139,A,3581.95
139,J,2164.26
139,C,1731.41
139,D,1514.98
139,I,1298.55
139,Y,729.23
139,B,656.31
139,M,583.38
139,H,510.46
139,Q,437.54
139,V,364.62
139,W,291.69
139,S,218.77
140,F,1728.39
140,A,1382.71
140,J,950.87
140,C,760.7
140,D,665.61
140,I,570.52
140,Y,334.01
140,B,300.61
140,M,267.21
140,H,233.81
140,Q,200.41
140,V,167.0
140,W,133.6
140,S,100.2
141,F,1987.71
141,A,1590.17
141,J,945.74
141,C,756.59
141,D,662.02
141,I,567.44
141,Y,312.76
141,B,281.48
141,M,250.21
141,H,218.93
141,Q,187.66
141,V,156.38
141,W,125.1
141,S,93.83
142,F,4660.43
142,A,3728.35
142,J,2120.89
142,C,1696.71
142,D,1484.62
142,I,1272.54
142,Y,761.79
142,B,685.61
142,M,609.43
142,H,533.25
142,Q,457.08
142,V,380.9
142,W,304.72
142,S,228.54
143,F,4134.6
143,A,3307.68
143,J,2036.31
143,C,1629.04
143,D,1425.41
143,I,1221.78
143,Y,626.59
143,B,563.93
143,M,501.27
143,H,438.61
143,Q,375.95
143,V,313.29
143,W,250.63
143,S,187.98
144,F,4559.99
144,A,3647.99
144,J,2143.5
144,C,1714.8
144,D,1500.45
144,I,1286.1
144,Y,677.57
144,B,609.81
144,M,542.05
144,H,474.3
144,Q,406.54
144,V,338.78
144,W,271.03
144,S,203.27
145,F,8963.46
145,A,7170.76
145,J,4084.92
145,C,3267.94
145,D,2859.45
145,I,2450.95
145,Y,1266.35
145,B,1139.71
145,M,1013.08
145,H,886.44
145,Q,759.81
145,V,633.17
145,W,506.54
145,S,379.9
146,F,1053.07
146,A,842.46
146,J,551.33
146,C,441.06
146,D,385.93
146,I,330.8
146,Y,187.01
146,B,168.31
146,M,149.61
146,H,130.91
146,Q,112.21
146,V,93.5
146,W,74.8
146,S,56.1
147,F,1250.29
147,A,1000.23
147,J,597.06
147,C,477.65
147,D,417.94
147,I,358.24
147,Y,195.44
147,B,175.89
147,M,156.35
147,H,136.81
147,Q,117.26
147,V,97.72
147,W,78.17
147,S,58.63
148,F,8118.65
148,A,6494.92
148,J,4014.48
148,C,3211.59
148,D,2810.14
148,I,2408.69
148,Y,1291.97
148,B,1162.78
148,M,1033.58
148,H,904.38
148,Q,775.18
148,V,645.99
148,W,516.79
148,S,387.59
149,F,1558.66
149,A,1246.93
149,J,757.61
149,C,606.09
149,D,530.33
149,I,454.57
149,Y,260.65
149,B,234.58
149,M,208.52
149,H,182.45
149,Q,156.39
149,V,130.32
149,W,104.26
149,S,78.19
150,F,414.6
150,A,331.68
150,J,199.47
150,C,159.57
150,D,139.63
150,I,119.68
150,Y,66.17
150,B,59.55
150,M,52.93
150,H,46.32
150,Q,39.7
150,V,33.08
150,W,26.47
150,S,19.85
151,F,3855.24
151,A,3084.19
151,J,2057.72
151,C,1646.17
151,D,1440.4
151,I,1234.63
151,Y,714.5
151,B,643.05
151,M,571.6
151,H,500.15
151,Q,428.7
151,V,357.25
151,W,285.8
151,S,214.35
152,F,3804.76
152,A,3043.81
152,J,2012.95
152,C,1610.36
152,D,1409.07
152,I,1207.77
152,Y,707.64
152,B,636.88
152,M,566.12
152,H,495.35
152,Q,424.59
152,V,353.82
152,W,283.06
152,S,212.29
153,F,1103.82
153,A,883.06
153,J,556.02
153,C,444.82
153,D,389.22
153,I,333.61
153,Y,199.53
153,B,179.58
153,M,159.63
153,H,139.67
153,Q,119.72
153,V,99.77
153,W,79.81
153,S,59.86
154,F,1021.09
154,A,816.87
154,J,519.21
154,C,415.37
154,D,363.45
154,I,311.53
154,Y,176.15
154,B,158.53
154,M,140.92
154,H,123.3
154,Q,105.69
154,V,88.07
154,W,70.46
154,S,52.84
155,F,2217.96
155,A,1774.37
155,J,1166.12
155,C,932.9
155,D,816.29
155,I,699.67
155,Y,397.58
155,B,357.82
155,M,318.06
155,H,278.31
155,Q,238.55
155,V,198.79
155,W,159.03
155,S,119.27
156,F,1963.37
156,A,1570.69
156,J,991.64
156,C,793.31
156,D,694.15
156,I,594.99
156,Y,360.93
156,B,324.84
156,M,288.75
156,H,252.65
156,Q,216.56
156,V,180.47
156,W,144.37
156,S,108.28
157,F,6035.75
157,A,4828.6
157,J,2831.34
157,C,2265.07
157,D,1981.94
157,I,1698.81
157,Y,937.1
157,B,843.39
157,M,749.68
157,H,655.97
157,Q,562.26
157,V,468.55
157,W,374.84
157,S,281.13
158,F,7652.37
158,A,6121.9
158,J,3747.51
158,C,2998.01
158,D,2623.26
158,I,2248.51
158,Y,1280.63
158,B,1152.57
158,M,1024.5
158,H,896.44
158,Q,768.38
158,V,640.32
158,W,512.25
158,S,384.19
159,F,410.34
159,A,328.27
159,J,193.39
159,C,154.71
159,D,135.37
159,I,116.03
159,Y,70.48
159,B,63.44
159,M,56.39
159,H,49.34
159,Q,42.29
159,V,35.24
159,W,28.19
159,S,21.15
160,F,403.75
160,A,323.0
160,J,213.98
160,C,171.19
160,D,149.79
160,I,128.39
160,Y,68.96
160,B,62.07
160,M,55.17
160,H,48.27
160,Q,41.38
160,V,34.48
160,W,27.59
160,S,20.69
161,F,8131.83
161,A,6505.46
161,J,4232.52
161,C,3386.01
161,D,2962.76
161,I,2539.51
161,Y,1304.63
161,B,1174.17
161,M,1043.71
161,H,913.24
161,Q,782.78
161,V,652.32
161,W,521.85
161,S,391.39
162,F,7669.17
162,A,6135.33
162,J,4088.02
162,C,3270.42
162,D,2861.62
162,I,2452.81
162,Y,1446.02
162,B,1301.42
162,M,1156.82
162,H,1012.21
162,Q,867.61
162,V,723.01
162,W,578.41
162,S,433.81
163,F,6671.83
163,A,5337.47
163,J,3174.44
163,C,2539.56
163,D,2222.11
163,I,1904.67
163,Y,1008.36
163,B,907.52
163,M,806.69
163,H,705.85
163,Q,605.02
163,V,504.18
163,W,403.34
163,S,302.51
164,F,4650.06
164,A,3720.05
164,J,2233.99
164,C,1787.19
164,D,1563.79
164,I,1340.39
164,Y,716.62
164,B,644.96
164,M,573.3
164,H,501.64
164,Q,429.97
164,V,358.31
164,W,286.65
164,S,214.99
165,F,7960.99
165,A,6368.79
165,J,4127.76
165,C,3302.21
165,D,2889.43
165,I,2476.66
165,Y,1451.6
165,B,1306.44
165,M,1161.28
165,H,1016.12
165,Q,870.96
165,V,725.8
165,W,580.64
165,S,435.48
166,F,8111.56
166,A,6489.25
166,J,3938.63
166,C,3150.9
166,D,2757.04
166,I,2363.18
166,Y,1321.8
166,B,1189.62
166,M,1057.44
166,H,925.26
166,Q,793.08
166,V,660.9
166,W,528.72
166,S,396.54
167,F,1730.49
167,A,1384.39
167,J,803.71
167,C,642.97
167,D,562.6
167,I,482.23
167,Y,275.64
167,B,248.08
167,M,220.51
167,H,192.95
167,Q,165.38
167,V,137.82
167,W,110.26
167,S,82.69
168,F,1794.21
168,A,1435.37
168,J,858.9
168,C,687.12
168,D,601.23
168,I,515.34
168,Y,269.95
168,B,242.96
168,M,215.96
168,H,188.97
168,Q,161.97
168,V,134.98
168,W,107.98
168,S,80.99
169,F,8054.75
169,A,6443.8
169,J,4281.59
169,C,3425.28
169,D,2997.12
169,I,2568.96
169,Y,1480.42
169,B,1332.38
169,M,1184.34
169,H,1036.3
169,Q,888.25
169,V,740.21
169,W,592.17
169,S,444.13
170,F,4100.09
170,A,3280.07
170,J,1910.9
170,C,1528.72
170,D,1337.63
170,I,1146.54
170,Y,700.62
170,B,630.56
170,M,560.5
170,H,490.44
170,Q,420.37
170,V,350.31
170,W,280.25
170,S,210.19
171,F,4333.85
171,A,3467.08
171,J,2144.06
171,C,1715.25
171,D,1500.84
171,I,1286.44
171,Y,791.25
171,B,712.12
171,M,633.0
171,H,553.87
171,Q,474.75
171,V,395.62
171,W,316.5
171,S,237.37
172,F,4372.28
172,A,3497.82
172,J,2279.51
172,C,1823.61
172,D,1595.66
172,I,1367.71
172,Y,727.81
172,B,655.03
172,M,582.25
172,H,509.47
172,Q,436.69
172,V,363.91
172,W,291.12
172,S,218.34
173,F,7488.24
173,A,5990.59
173,J,3692.58
173,C,2954.06
173,D,2584.81
173,I,2215.55
173,Y,1301.12
173,B,1171.0
173,M,1040.89
173,H,910.78
173,Q,780.67
173,V,650.56
173,W,520.45
173,S,390.33
174,F,4446.74
174,A,3557.39
174,J,2042.24
174,C,1633.79
174,D,1429.57
174,I,1225.34
174,Y,673.92
174,B,606.53
174,M,539.14
174,H,471.74
174,Q,404.35
174,V,336.96
174,W,269.57
174,S,202.18
175,F,413.23
175,A,330.58
175,J,207.08
175,C,165.67
175,D,144.96
175,I,124.25
175,Y,65.57
175,B,59.02
175,M,52.46
175,H,45.9
175,Q,39.34
175,V,32.79
175,W,26.23
175,S,19.67
176,F,9028.17
176,A,7222.53
176,J,4549.73
176,C,3639.78
176,D,3184.81
176,I,2729.84
176,Y,1447.23
176,B,1302.5
176,M,1157.78
176,H,1013.06
176,Q,868.34
176,V,723.61
176,W,578.89
176,S,434.17
177,F,7558.78
177,A,6047.02
177,J,4072.65
177,C,3258.12
177,D,2850.86
177,I,2443.59
177,Y,1398.91
177,B,1259.02
177,M,1119.13
177,H,979.24
177,Q,839.35
177,V,699.45
177,W,559.56
177,S,419.67
178,F,1662.04
178,A,1329.63
178,J,770.98
178,C,616.78
178,D,539.69
178,I,462.59
178,Y,274.33
178,B,246.9
178,M,219.46
178,H,192.03
178,Q,164.6
178,V,137.16
178,W,109.73
178,S,82.3
179,F,560.93
179,A,448.75
179,J,279.13
179,C,223.3
179,D,195.39
179,I,167.48
179,Y,85.25
179,B,76.72
179,M,68.2
179,H,59.67
179,Q,51.15
179,V,42.62
179,W,34.1
179,S,25.57
180,F,422.53
180,A,338.02
180,J,198.63
180,C,158.91
180,D,139.04
180,I,119.18
180,Y,72.37
180,B,65.13
180,M,57.9
180,H,50.66
180,Q,43.42
180,V,36.19
180,W,28.95
180,S,21.71
181,F,1808.43
181,A,1446.74
181,J,974.9
181,C,779.92
181,D,682.43
181,I,584.94
181,Y,360.56
181,B,324.5
181,M,288.45
181,H,252.39
181,Q,216.34
181,V,180.28
181,W,144.22
181,S,108.17
182,F,7248.2
182,A,5798.56
182,J,3896.02
182,C,3116.82
182,D,2727.21
182,I,2337.61
182,Y,1421.5
182,B,1279.35
182,M,1137.2
182,H,995.05
182,Q,852.9
182,V,710.75
182,W,568.6
182,S,426.45
183,F,4924.22
183,A,3939.37
183,J,2699.41
183,C,2159.53
183,D,1889.59
183,I,1619.65
183,Y,907.79
183,B,817.01
183,M,726.23
183,H,635.45
183,Q,544.67
183,V,453.9
183,W,363.12
183,S,272.34
184,F,4839.69
184,A,3871.75
184,J,2235.32
184,C,1788.25
184,D,1564.72
184,I,1341.19
184,Y,685.61
184,B,617.05
184,M,548.49
184,H,479.93
184,Q,411.37
184,V,342.8
184,W,274.24
184,S,205.68
185,F,3560.64
185,A,2848.51
185,J,1768.92
185,C,1415.14
185,D,1238.25
185,I,1061.35
185,Y,652.87
185,B,587.59
185,M,522.3
185,H,457.01
185,Q,391.72
185,V,326.44
185,W,261.15
185,S,195.86
186,F,7822.65
186,A,6258.12
186,J,3744.91
186,C,2995.92
186,D,2621.43
186,I,2246.94
186,Y,1381.87
186,B,1243.68
186,M,1105.49
186,H,967.31
186,Q,829.12
186,V,690.93
186,W,552.75
186,S,414.56
187,F,7341.26
187,A,5873.01
187,J,3669.01
187,C,2935.2
187,D,2568.3
187,I,2201.4
187,Y,1277.5
187,B,1149.75
187,M,1022.0
187,H,894.25
187,Q,766.5
187,V,638.75
187,W,511.0
187,S,383.25
188,F,9269.99
188,A,7415.99
188,J,4260.33
188,C,3408.26
188,D,2982.23
188,I,2556.2
188,Y,1440.11
188,B,1296.1
188,M,1152.08
188,H,1008.07
188,Q,864.06
188,V,720.05
188,W,576.04
188,S,432.03
189,F,8172.84
189,A,6538.27
189,J,4066.58
189,C,3253.27
189,D,2846.61
189,I,2439.95
189,Y,1250.94
189,B,1125.84
189,M,1000.75
189,H,875.66
189,Q,750.56
189,V,625.47
189,W,500.38
189,S,375.28
190,F,3694.45
190,A,2955.56
190,J,1943.46
190,C,1554.77
190,D,1360.42
190,I,1166.07
190,Y,632.66
190,B,569.4
190,M,506.13
190,H,442.86
190,Q,379.6
190,V,316.33
190,W,253.07
190,S,189.8
191,F,3574.57
191,A,2859.65
191,J,1951.6
191,C,1561.28
191,D,1366.12
191,I,1170.96
191,Y,614.3
191,B,552.87
191,M,491.44
191,H,430.01
191,Q,368.58
191,V,307.15
191,W,245.72
191,S,184.29
192,F,417.75
192,A,334.2
192,J,220.19
192,C,176.15
192,D,154.13
192,I,132.11
192,Y,74.0
192,B,66.6
192,M,59.2
192,H,51.8
192,Q,44.4
192,V,37.0
192,W,29.6
192,S,22.2
193,F,4643.74
193,A,3714.99
193,J,2178.9
193,C,1743.12
193,D,1525.23
193,I,1307.34
193,Y,756.57
193,B,680.91
193,M,605.25
193,H,529.6
193,Q,453.94
193,V,378.28
193,W,302.63
193,S,226.97
194,F,4367.19
194,A,3493.75
194,J,2120.04
194,C,1696.03
194,D,1484.03
194,I,1272.02
194,Y,643.41
194,B,579.07
194,M,514.73
194,H,450.39
194,Q,386.05
194,V,321.7
194,W,257.36
194,S,193.02
195,F,1944.28
195,A,1555.42
195,J,996.62
195,C,797.3
195,D,697.64
195,I,597.97
195,Y,338.62
195,B,304.76
195,M,270.9
195,H,237.04
195,Q,203.17
195,V,169.31
195,W,135.45
195,S,101.59
196,F,4532.38
196,A,3625.91
196,J,2177.84
196,C,1742.27
196,D,1524.49
196,I,1306.7
196,Y,706.62
196,B,635.96
196,M,565.3
196,H,494.63
196,Q,423.97
196,V,353.31
196,W,282.65
196,S,211.99
197,F,4036.35
197,A,3229.08
197,J,1961.33
197,C,1569.07
197,D,1372.93
197,I,1176.8
197,Y,611.54
197,B,550.39
197,M,489.23
197,H,428.08
197,Q,366.92
197,V,305.77
197,W,244.62
197,S,183.46
198,F,4399.2
198,A,3519.36
198,J,2009.19
198,C,1607.35
198,D,1406.43
198,I,1205.51
198,Y,611.37
198,B,550.23
198,M,489.09
198,H,427.96
198,Q,366.82
198,V,305.68
198,W,244.55
198,S,183.41
199,F,9837.97
199,A,7870.38
199,J,5200.03
199,C,4160.02
199,D,3640.02
199,I,3120.02
199,Y,1599.28
199,B,1439.35
199,M,1279.42
199,H,1119.49
199,Q,959.57
199,V,799.64
199,W,639.71
199,S,479.78
200,F,9424.49
200,A,7539.59
200,J,4650.13
200,C,3720.11
200,D,3255.09
200,I,2790.08
200,Y,1492.64
200,B,1343.38
200,M,1194.11
200,H,1044.85
200,Q,895.58
200,V,746.32
200,W,597.06
200,S,447.79
201,F,8168.86
201,A,6535.09
201,J,3939.13
201,C,3151.31
201,D,2757.39
201,I,2363.48
201,Y,1210.37
201,B,1089.33
201,M,968.29
201,H,847.26
201,Q,726.22
201,V,605.18
201,W,484.15
201,S,363.11
202,F,4191.97
202,A,3353.58
202,J,2031.74
202,C,1625.39
202,D,1422.22
202,I,1219.04
202,Y,671.47
202,B,604.32
202,M,537.17
202,H,470.03
202,Q,402.88
202,V,335.73
202,W,268.59
202,S,201.44
203,F,3884.34
203,A,3107.47
203,J,2150.48
203,C,1720.39
203,D,1505.34
203,I,1290.29
203,Y,669.88
203,B,602.89
203,M,535.9
203,H,468.92
203,Q,401.93
203,V,334.94
203,W,267.95
203,S,200.96
204,F,1039.68
204,A,831.74
204,J,488.51
204,C,390.81
204,D,341.95
204,I,293.1
204,Y,175.31
204,B,157.78
204,M,140.25
204,H,122.72
204,Q,105.19
204,V,87.66
204,W,70.12
204,S,52.59
205,F,4493.43
205,A,3594.74
205,J,2340.68
205,C,1872.54
205,D,1638.48
205,I,1404.41
205,Y,718.59
205,B,646.73
205,M,574.87
205,H,503.01
205,Q,431.15
205,V,359.29
205,W,287.44
205,S,215.58
206,F,3507.6
206,A,2806.08
206,J,1639.24
206,C,1311.39
206,D,1147.47
206,I,983.54
206,Y,539.22
206,B,485.3
206,M,431.38
206,H,377.45
206,Q,323.53
206,V,269.61
206,W,215.69
206,S,161.77
207,F,4048.29
207,A,3238.63
207,J,2072.28
207,C,1657.83
207,D,1450.6
207,I,1243.37
207,Y,685.2
207,B,616.68
207,M,548.16
207,H,479.64
207,Q,411.12
207,V,342.6
207,W,274.08
207,S,205.56
208,F,4368.85
208,A,3495.08
208,J,2104.74
208,C,1683.79
208,D,1473.32
208,I,1262.84
208,Y,663.06
208,B,596.75
208,M,530.44
208,H,464.14
208,Q,397.83
208,V,331.53
208,W,265.22
208,S,198.92
209,F,1601.12
209,A,1280.89
209,J,826.02
209,C,660.82
209,D,578.22
209,I,495.61
209,Y,262.46
209,B,236.21
209,M,209.97
209,H,183.72
209,Q,157.47
209,V,131.23
209,W,104.98
209,S,78.74
210,F,3607.22
210,A,2885.77
210,J,1970.72
210,C,1576.57
210,D,1379.5
210,I,1182.43
210,Y,694.09
210,B,624.68
210,M,555.27
210,H,485.86
210,Q,416.45
210,V,347.04
210,W,277.64
210,S,208.23
211,F,2669.22
211,A,2135.37
211,J,1309.57
211,C,1047.65
211,D,916.7
211,I,785.74
211,Y,426.8
211,B,384.12
211,M,341.44
211,H,298.76
211,Q,256.08
211,V,213.4
211,W,170.72
211,S,128.04
212,F,3463.18
212,A,2770.55
212,J,1686.36
212,C,1349.09
212,D,1180.45
212,I,1011.81
212,Y,582.34
212,B,524.11
212,M,465.87
212,H,407.64
212,Q,349.4
212,V,291.17
212,W,232.94
212,S,174.7
213,F,3160.5
213,A,2528.4
213,J,1671.11
213,C,1336.89
213,D,1169.78
213,I,1002.67
213,Y,562.6
213,B,506.34
213,M,450.08
213,H,393.82
213,Q,337.56
213,V,281.3
213,W,225.04
213,S,168.78
214,F,4000.19
214,A,3200.16
214,J,2134.24
214,C,1707.39
214,D,1493.97
214,I,1280.54
214,Y,729.59
214,B,656.63
214,M,583.67
214,H,510.71
214,Q,437.75
214,V,364.8
214,W,291.84
214,S,218.88
215,F,4156.53
215,A,3325.22
215,J,1970.98
215,C,1576.78
215,D,1379.68
215,I,1182.59
215,Y,673.14
215,B,605.82
215,M,538.51
215,H,471.2
215,Q,403.88
215,V,336.57
215,W,269.25
215,S,201.94
216,F,387.91
216,A,310.33
216,J,212.04
216,C,169.64
216,D,148.43
216,I,127.23
216,Y,74.46
216,B,67.01
216,M,59.57
216,H,52.12
216,Q,44.67
216,V,37.23
216,W,29.78
216,S,22.34
217,F,399.97
217,A,319.97
217,J,189.24
217,C,151.39
217,D,132.47
217,I,113.54
217,Y,64.63
217,B,58.17
217,M,51.7
217,H,45.24
217,Q,38.78
217,V,32.32
217,W,25.85
217,S,19.39
218,F,2104.49
218,A,1683.59
218,J,1082.4
218,C,865.92
218,D,757.68
218,I,649.44
218,Y,368.94
218,B,332.05
218,M,295.16
218,H,258.26
218,Q,221.37
218,V,184.47
218,W,147.58
218,S,110.68
219,F,2309.03
219,A,1847.23
219,J,1167.42
219,C,933.94
219,D,817.19
219,I,700.45
219,Y,357.47
219,B,321.72
219,M,285.98
219,H,250.23
219,Q,214.48
219,V,178.74
219,W,142.99
219,S,107.24
220,F,7385.9
220,A,5908.72
220,J,4025.19
220,C,3220.15
220,D,2817.63
220,I,2415.12
220,Y,1457.7
220,B,1311.93
220,M,1166.16
220,H,1020.39
220,Q,874.62
220,V,728.85
220,W,583.08
220,S,437.31
221,F,4259.82
221,A,3407.85
221,J,2124.62
221,C,1699.7
221,D,1487.23
221,I,1274.77
221,Y,700.23
221,B,630.2
221,M,560.18
221,H,490.16
221,Q,420.14
221,V,350.11
221,W,280.09
221,S,210.07
222,F,3639.28
222,A,2911.43
222,J,1800.12
222,C,1440.1
222,D,1260.09
222,I,1080.07
222,Y,653.69
222,B,588.32
222,M,522.95
222,H,457.59
222,Q,392.22
222,V,326.85
222,W,261.48
222,S,196.11
223,F,3691.98
223,A,2953.59
223,J,1720.81
223,C,1376.65
223,D,1204.57
223,I,1032.49
223,Y,542.73
223,B,488.46
223,M,434.18
223,H,379.91
223,Q,325.64
223,V,271.36
223,W,217.09
223,S,162.82
